{"CAD_BTC":0.00001559,"BTC_CAD":64116.4,"CAD_ETH":0.000468393750738737,"ETH_CAD":2134.95,"USD_BTC":0.00001958,"BTC_USD":51069.85,"USD_ETH":0.000588051960271209,"ETH_USD":1700.53,"BTC_ETH":30.03453972067878,"ETH_BTC":0.033295,"CAD_USD":0.79,"USD_CAD":1.25}